{
  "Faces": [
    {
      "Id": "construction:f0",
      "Active": true,
      "XVertex": [
        0.20175527,
        0.20175527,
        15.2763357,
        15.2763357
      ],
      "YVertex": [
        0.7010892,
        12.9983416,
        0.7010892,
        12.9983416
      ],
      "ZVertex": [
        0.0,
        0.0,
        0.0,
        0.0
      ],
      "Faces": [
        [
          3,
          2,
          0,
          1
        ]
      ],
      "Trans": [
        0.0
      ]
    },
    {
      "Id": "construction:f1",
      "Active": true,
      "XVertex": [
        0.20175527,
        0.20175527,
        15.2763357,
        15.2763357
      ],
      "YVertex": [
        0.7010892,
        12.9983416,
        0.7010892,
        12.9983416
      ],
      "ZVertex": [
        5.0,
        5.0,
        5.0,
        5.0
      ],
      "Faces": [
        [
          3,
          1,
          0,
          2
        ]
      ],
      "Trans": [
        0.0
      ]
    },
    {
      "Id": "construction:f2",
      "Active": true,
      "XVertex": [
        15.2763357,
        15.2763357,
        0.20175527,
        0.20175527
      ],
      "YVertex": [
        0.7010892,
        0.7010892,
        0.7010892,
        0.7010892
      ],
      "ZVertex": [
        0.0,
        5.0,
        0.0,
        5.0
      ],
      "Faces": [
        [
          3,
          2,
          0,
          1
        ]
      ],
      "Trans": [
        0.0
      ]
    },
    {
      "Id": "construction:f3",
      "Active": true,
      "XVertex": [
        15.2763357,
        15.2763357,
        15.2763357,
        15.2763357,
        15.2763357,
        15.2763357,
        15.2763357,
        15.2763357,
        15.2763357,
        15.2763357,
        15.2763357,
        15.2763357
      ],
      "YVertex": [
        12.9983416,
        12.9983416,
        0.7010892,
        0.7010892,
        2.02876043,
        2.02876043,
        3.713039,
        3.713039,
        9.513549,
        9.513549,
        11.1978273,
        11.1978273
      ],
      "ZVertex": [
        0.0,
        5.0,
        0.0,
        5.0,
        3.94954371,
        1.44954383,
        1.44954383,
        3.94954371,
        3.94954371,
        1.44954383,
        1.44954383,
        3.94954371
      ],
      "Faces": [
        [
          10,
          9,
          0
        ],
        [
          0,
          9,
          6,
          2
        ],
        [
          1,
          11,
          10,
          0
        ],
        [
          8,
          11,
          1
        ],
        [
          3,
          7,
          8,
          1
        ],
        [
          8,
          7,
          6,
          9
        ],
        [
          5,
          2,
          6
        ],
        [
          2,
          5,
          4,
          3
        ],
        [
          3,
          4,
          7
        ]
      ],
      "Trans": [
        0.0
      ]
    },
    {
      "Id": "construction:f4",
      "Active": true,
      "XVertex": [
        0.20175527,
        0.20175527,
        15.2763357,
        15.2763357
      ],
      "YVertex": [
        12.9983416,
        12.9983416,
        12.9983416,
        12.9983416
      ],
      "ZVertex": [
        0.0,
        5.0,
        0.0,
        5.0
      ],
      "Faces": [
        [
          3,
          2,
          0,
          1
        ]
      ],
      "Trans": [
        0.0
      ]
    },
    {
      "Id": "construction:f5",
      "Active": true,
      "XVertex": [
        0.20175527,
        0.20175527,
        0.20175527,
        0.20175527,
        0.20175527,
        0.20175527,
        0.20175527,
        0.20175527,
        0.20175527,
        0.20175527,
        0.20175527,
        0.20175527
      ],
      "YVertex": [
        0.7010892,
        0.7010892,
        12.9983416,
        12.9983416,
        9.206438,
        10.8907166,
        10.8907166,
        9.206438,
        3.35280013,
        5.03707838,
        5.03707838,
        3.35280013
      ],
      "ZVertex": [
        0.0,
        5.0,
        0.0,
        5.0,
        3.86142087,
        3.86142087,
        1.361421,
        1.361421,
        3.86142087,
        3.86142087,
        1.361421,
        1.361421
      ],
      "Faces": [
        [
          11,
          10,
          0
        ],
        [
          0,
          10,
          7,
          2
        ],
        [
          1,
          8,
          11,
          0
        ],
        [
          9,
          8,
          1
        ],
        [
          3,
          4,
          9,
          1
        ],
        [
          9,
          4,
          7,
          10
        ],
        [
          6,
          2,
          7
        ],
        [
          2,
          6,
          5,
          3
        ],
        [
          3,
          5,
          4
        ]
      ],
      "Trans": [
        0.0
      ]
    },
    {
      "Id": "construction:f3:w0",
      "Active": true,
      "XVertex": [
        15.2763357,
        15.2763357,
        15.2763357,
        15.2763357
      ],
      "YVertex": [
        2.02876043,
        3.713039,
        2.02876043,
        3.713039
      ],
      "ZVertex": [
        3.94954371,
        3.94954371,
        1.44954383,
        1.44954383
      ],
      "Faces": [
        [
          3,
          1,
          0,
          2
        ]
      ],
      "Trans": [
        0.0
      ]
    },
    {
      "Id": "construction:f3:w1",
      "Active": true,
      "XVertex": [
        15.2763357,
        15.2763357,
        15.2763357,
        15.2763357
      ],
      "YVertex": [
        9.513549,
        11.1978273,
        9.513549,
        11.1978273
      ],
      "ZVertex": [
        3.94954371,
        3.94954371,
        1.44954383,
        1.44954383
      ],
      "Faces": [
        [
          3,
          1,
          0,
          2
        ]
      ],
      "Trans": [
        0.0
      ]
    },
    {
      "Id": "construction:f5:w0",
      "Active": true,
      "XVertex": [
        0.20175527,
        0.20175527,
        0.20175527,
        0.20175527
      ],
      "YVertex": [
        9.206438,
        10.8907166,
        9.206438,
        10.8907166
      ],
      "ZVertex": [
        3.86142087,
        3.86142087,
        1.361421,
        1.361421
      ],
      "Faces": [
        [
          3,
          2,
          0,
          1
        ]
      ],
      "Trans": [
        0.0
      ]
    },
    {
      "Id": "construction:f5:w1",
      "Active": true,
      "XVertex": [
        0.20175527,
        0.20175527,
        0.20175527,
        0.20175527
      ],
      "YVertex": [
        3.35280013,
        5.03707838,
        3.35280013,
        5.03707838
      ],
      "ZVertex": [
        3.86142087,
        3.86142087,
        1.361421,
        1.361421
      ],
      "Faces": [
        [
          3,
          2,
          0,
          1
        ]
      ],
      "Trans": [
        0.0
      ]
    }
  ]
}